{"0": [201.33333333333331, 199.46666666666664, 158.76666666666665], "1": [200.56666666666666, 190.9, 137.8], "2": [202.13333333333333, 182.83333333333331, 116.63333333333333], "3": [202.9, 174.53333333333333, 92.0], "4": [200.73333333333335, 161.5, 61.766666666666666], "5": [194.93333333333334, 140.96666666666667, 15.866666666666667], "6": [194.56666666666666, 142.63333333333333, 30.1], "7": [187.86666666666667, 127.36666666666667, 28.366666666666667], "8": [177.2, 109.93333333333334, 30.366666666666667], "9": [167.7, 98.53333333333333, 27.03333333333333]}