{"first": [99.08333333333333, 51.24404761904762, 17.035714285714285], "second": [164.90584415584416, 138.05844155844156, 114.76298701298703], "third": [171.1396103896104, 145.31493506493504, 130.75]}