{"first": [102.62755102040816, 60.607142857142854, 21.785714285714285], "second": [151.60714285714286, 130.57142857142858, 106.78571428571428], "third": [156.0107142857143, 134.61785714285716, 119.04642857142858]}