{"first": [99.96428571428574, 54.81122448979591, 16.964285714285715], "second": [159.57792207792207, 135.8538961038961, 111.37662337662337], "third": [163.8, 141.03571428571428, 124.66071428571429]}