{"first": [97.07738095238096, 49.654761904761905, 15.345238095238095], "second": [155.56249999999997, 126.92857142857143, 102.52083333333333], "third": [161.11071428571432, 133.79285714285714, 116.875]}