{"first": [127.26020408163266, 87.02551020408164, 35.16836734693878], "second": [162.72402597402595, 142.7012987012987, 115.75324675324673], "third": [164.18928571428575, 142.87142857142857, 123.9857142857143]}