{"first": [97.80357142857144, 48.517857142857146, 15.130952380952381], "second": [160.74025974025972, 131.63636363636363, 103.85714285714288], "third": [165.2207792207792, 136.84740259740258, 115.9707792207792]}